UserID,PasswordHash,Role,Email,IsActive
S001,d74ff0ee8da3b9806b18c877dbf29bbde50b5bd8e4dad7a3a725000feb82e8f1,Student,fiona.smith@university.edu,true
S002,d74ff0ee8da3b9806b18c877dbf29bbde50b5bd8e4dad7a3a725000feb82e8f1,Student,george.wilson@university.edu,true
S003,d74ff0ee8da3b9806b18c877dbf29bbde50b5bd8e4dad7a3a725000feb82e8f1,Student,ivan.wilson@university.edu,true
S004,d74ff0ee8da3b9806b18c877dbf29bbde50b5bd8e4dad7a3a725000feb82e8f1,Student,ivan.chen@university.edu,true
S005,d74ff0ee8da3b9806b18c877dbf29bbde50b5bd8e4dad7a3a725000feb82e8f1,Student,bob.smith@university.edu,true
S006,d74ff0ee8da3b9806b18c877dbf29bbde50b5bd8e4dad7a3a725000feb82e8f1,Student,quinn.chen@university.edu,true
S007,d74ff0ee8da3b9806b18c877dbf29bbde50b5bd8e4dad7a3a725000feb82e8f1,Student,oscar.smith@university.edu,true
S008,d74ff0ee8da3b9806b18c877dbf29bbde50b5bd8e4dad7a3a725000feb82e8f1,Student,bob.chen@university.edu,true
S009,d74ff0ee8da3b9806b18c877dbf29bbde50b5bd8e4dad7a3a725000feb82e8f1,Student,rachel.davis@university.edu,true
S010,d74ff0ee8da3b9806b18c877dbf29bbde50b5bd8e4dad7a3a725000feb82e8f1,Student,charlie.miller@university.edu,true
S011,d74ff0ee8da3b9806b18c877dbf29bbde50b5bd8e4dad7a3a725000feb82e8f1,Student,charlie.brown@university.edu,true
S012,d74ff0ee8da3b9806b18c877dbf29bbde50b5bd8e4dad7a3a725000feb82e8f1,Student,quinn.chen@university.edu,true
S013,d74ff0ee8da3b9806b18c877dbf29bbde50b5bd8e4dad7a3a725000feb82e8f1,Student,ivan.lee@university.edu,true
S014,d74ff0ee8da3b9806b18c877dbf29bbde50b5bd8e4dad7a3a725000feb82e8f1,Student,diana.brown@university.edu,true
S015,d74ff0ee8da3b9806b18c877dbf29bbde50b5bd8e4dad7a3a725000feb82e8f1,Student,alice.wilson@university.edu,true
S016,d74ff0ee8da3b9806b18c877dbf29bbde50b5bd8e4dad7a3a725000feb82e8f1,Student,bob.smith@university.edu,true
S017,d74ff0ee8da3b9806b18c877dbf29bbde50b5bd8e4dad7a3a725000feb82e8f1,Student,alice.johnson@university.edu,true
S018,d74ff0ee8da3b9806b18c877dbf29bbde50b5bd8e4dad7a3a725000feb82e8f1,Student,julia.davis@university.edu,true
S019,d74ff0ee8da3b9806b18c877dbf29bbde50b5bd8e4dad7a3a725000feb82e8f1,Student,nina.miller@university.edu,true
S020,d74ff0ee8da3b9806b18c877dbf29bbde50b5bd8e4dad7a3a725000feb82e8f1,Student,rachel.miller@university.edu,true
S021,d74ff0ee8da3b9806b18c877dbf29bbde50b5bd8e4dad7a3a725000feb82e8f1,Student,rachel.miller@university.edu,true
S022,d74ff0ee8da3b9806b18c877dbf29bbde50b5bd8e4dad7a3a725000feb82e8f1,Student,ivan.smith@university.edu,true
S023,d74ff0ee8da3b9806b18c877dbf29bbde50b5bd8e4dad7a3a725000feb82e8f1,Student,nina.taylor@university.edu,true
S024,d74ff0ee8da3b9806b18c877dbf29bbde50b5bd8e4dad7a3a725000feb82e8f1,Student,quinn.brown@university.edu,true
S025,d74ff0ee8da3b9806b18c877dbf29bbde50b5bd8e4dad7a3a725000feb82e8f1,Student,paula.taylor@university.edu,true
S026,d74ff0ee8da3b9806b18c877dbf29bbde50b5bd8e4dad7a3a725000feb82e8f1,Student,fiona.lee@university.edu,true
S027,d74ff0ee8da3b9806b18c877dbf29bbde50b5bd8e4dad7a3a725000feb82e8f1,Student,michael.wilson@university.edu,true
S028,d74ff0ee8da3b9806b18c877dbf29bbde50b5bd8e4dad7a3a725000feb82e8f1,Student,laura.lee@university.edu,true
S029,d74ff0ee8da3b9806b18c877dbf29bbde50b5bd8e4dad7a3a725000feb82e8f1,Student,tina.kumar@university.edu,true
S030,d74ff0ee8da3b9806b18c877dbf29bbde50b5bd8e4dad7a3a725000feb82e8f1,Student,quinn.wilson@university.edu,true
S031,d74ff0ee8da3b9806b18c877dbf29bbde50b5bd8e4dad7a3a725000feb82e8f1,Student,alice.brown@university.edu,true
S032,d74ff0ee8da3b9806b18c877dbf29bbde50b5bd8e4dad7a3a725000feb82e8f1,Student,paula.kumar@university.edu,true
S033,d74ff0ee8da3b9806b18c877dbf29bbde50b5bd8e4dad7a3a725000feb82e8f1,Student,fiona.chen@university.edu,true
S034,d74ff0ee8da3b9806b18c877dbf29bbde50b5bd8e4dad7a3a725000feb82e8f1,Student,rachel.taylor@university.edu,true
S035,d74ff0ee8da3b9806b18c877dbf29bbde50b5bd8e4dad7a3a725000feb82e8f1,Student,quinn.brown@university.edu,true
S036,d74ff0ee8da3b9806b18c877dbf29bbde50b5bd8e4dad7a3a725000feb82e8f1,Student,paula.miller@university.edu,true
S037,d74ff0ee8da3b9806b18c877dbf29bbde50b5bd8e4dad7a3a725000feb82e8f1,Student,sam.chen@university.edu,true
S038,d74ff0ee8da3b9806b18c877dbf29bbde50b5bd8e4dad7a3a725000feb82e8f1,Student,bob.chen@university.edu,true
S039,d74ff0ee8da3b9806b18c877dbf29bbde50b5bd8e4dad7a3a725000feb82e8f1,Student,rachel.miller@university.edu,true
S040,d74ff0ee8da3b9806b18c877dbf29bbde50b5bd8e4dad7a3a725000feb82e8f1,Student,quinn.smith@university.edu,true
S041,d74ff0ee8da3b9806b18c877dbf29bbde50b5bd8e4dad7a3a725000feb82e8f1,Student,diana.chen@university.edu,true
S042,d74ff0ee8da3b9806b18c877dbf29bbde50b5bd8e4dad7a3a725000feb82e8f1,Student,alice.smith@university.edu,true
S043,d74ff0ee8da3b9806b18c877dbf29bbde50b5bd8e4dad7a3a725000feb82e8f1,Student,ivan.chen@university.edu,true
S044,d74ff0ee8da3b9806b18c877dbf29bbde50b5bd8e4dad7a3a725000feb82e8f1,Student,tina.miller@university.edu,true
S045,d74ff0ee8da3b9806b18c877dbf29bbde50b5bd8e4dad7a3a725000feb82e8f1,Student,diana.taylor@university.edu,true
S046,d74ff0ee8da3b9806b18c877dbf29bbde50b5bd8e4dad7a3a725000feb82e8f1,Student,ethan.lee@university.edu,true
S047,d74ff0ee8da3b9806b18c877dbf29bbde50b5bd8e4dad7a3a725000feb82e8f1,Student,bob.lee@university.edu,true
S048,d74ff0ee8da3b9806b18c877dbf29bbde50b5bd8e4dad7a3a725000feb82e8f1,Student,bob.smith@university.edu,true
S049,d74ff0ee8da3b9806b18c877dbf29bbde50b5bd8e4dad7a3a725000feb82e8f1,Student,alice.kumar@university.edu,true
S050,d74ff0ee8da3b9806b18c877dbf29bbde50b5bd8e4dad7a3a725000feb82e8f1,Student,ethan.lee@university.edu,true
S051,d74ff0ee8da3b9806b18c877dbf29bbde50b5bd8e4dad7a3a725000feb82e8f1,Student,fiona.kumar@university.edu,true
S052,d74ff0ee8da3b9806b18c877dbf29bbde50b5bd8e4dad7a3a725000feb82e8f1,Student,nina.miller@university.edu,true
S053,d74ff0ee8da3b9806b18c877dbf29bbde50b5bd8e4dad7a3a725000feb82e8f1,Student,george.smith@university.edu,true
S054,d74ff0ee8da3b9806b18c877dbf29bbde50b5bd8e4dad7a3a725000feb82e8f1,Student,rachel.smith@university.edu,true
S055,d74ff0ee8da3b9806b18c877dbf29bbde50b5bd8e4dad7a3a725000feb82e8f1,Student,ivan.lee@university.edu,true
S056,d74ff0ee8da3b9806b18c877dbf29bbde50b5bd8e4dad7a3a725000feb82e8f1,Student,michael.chen@university.edu,true
S057,d74ff0ee8da3b9806b18c877dbf29bbde50b5bd8e4dad7a3a725000feb82e8f1,Student,fiona.davis@university.edu,true
S058,d74ff0ee8da3b9806b18c877dbf29bbde50b5bd8e4dad7a3a725000feb82e8f1,Student,ivan.smith@university.edu,true
S059,d74ff0ee8da3b9806b18c877dbf29bbde50b5bd8e4dad7a3a725000feb82e8f1,Student,oscar.lee@university.edu,true
S060,d74ff0ee8da3b9806b18c877dbf29bbde50b5bd8e4dad7a3a725000feb82e8f1,Student,diana.wilson@university.edu,true
S061,d74ff0ee8da3b9806b18c877dbf29bbde50b5bd8e4dad7a3a725000feb82e8f1,Student,kevin.wilson@university.edu,true
S062,d74ff0ee8da3b9806b18c877dbf29bbde50b5bd8e4dad7a3a725000feb82e8f1,Student,julia.davis@university.edu,true
S063,d74ff0ee8da3b9806b18c877dbf29bbde50b5bd8e4dad7a3a725000feb82e8f1,Student,bob.taylor@university.edu,true
S064,d74ff0ee8da3b9806b18c877dbf29bbde50b5bd8e4dad7a3a725000feb82e8f1,Student,kevin.lee@university.edu,true
S065,d74ff0ee8da3b9806b18c877dbf29bbde50b5bd8e4dad7a3a725000feb82e8f1,Student,bob.taylor@university.edu,true
S066,d74ff0ee8da3b9806b18c877dbf29bbde50b5bd8e4dad7a3a725000feb82e8f1,Student,michael.johnson@university.edu,true
S067,d74ff0ee8da3b9806b18c877dbf29bbde50b5bd8e4dad7a3a725000feb82e8f1,Student,ivan.miller@university.edu,true
S068,d74ff0ee8da3b9806b18c877dbf29bbde50b5bd8e4dad7a3a725000feb82e8f1,Student,hannah.kumar@university.edu,true
S069,d74ff0ee8da3b9806b18c877dbf29bbde50b5bd8e4dad7a3a725000feb82e8f1,Student,quinn.smith@university.edu,true
S070,d74ff0ee8da3b9806b18c877dbf29bbde50b5bd8e4dad7a3a725000feb82e8f1,Student,george.brown@university.edu,true
S071,d74ff0ee8da3b9806b18c877dbf29bbde50b5bd8e4dad7a3a725000feb82e8f1,Student,fiona.taylor@university.edu,true
S072,d74ff0ee8da3b9806b18c877dbf29bbde50b5bd8e4dad7a3a725000feb82e8f1,Student,michael.taylor@university.edu,true
S073,d74ff0ee8da3b9806b18c877dbf29bbde50b5bd8e4dad7a3a725000feb82e8f1,Student,bob.smith@university.edu,true
S074,d74ff0ee8da3b9806b18c877dbf29bbde50b5bd8e4dad7a3a725000feb82e8f1,Student,quinn.kumar@university.edu,true
S075,d74ff0ee8da3b9806b18c877dbf29bbde50b5bd8e4dad7a3a725000feb82e8f1,Student,diana.lee@university.edu,true
S076,d74ff0ee8da3b9806b18c877dbf29bbde50b5bd8e4dad7a3a725000feb82e8f1,Student,diana.wilson@university.edu,true
S077,d74ff0ee8da3b9806b18c877dbf29bbde50b5bd8e4dad7a3a725000feb82e8f1,Student,tina.brown@university.edu,true
S078,d74ff0ee8da3b9806b18c877dbf29bbde50b5bd8e4dad7a3a725000feb82e8f1,Student,rachel.davis@university.edu,true
S079,d74ff0ee8da3b9806b18c877dbf29bbde50b5bd8e4dad7a3a725000feb82e8f1,Student,paula.smith@university.edu,true
S080,d74ff0ee8da3b9806b18c877dbf29bbde50b5bd8e4dad7a3a725000feb82e8f1,Student,michael.lee@university.edu,true
S081,d74ff0ee8da3b9806b18c877dbf29bbde50b5bd8e4dad7a3a725000feb82e8f1,Student,bob.chen@university.edu,true
S082,d74ff0ee8da3b9806b18c877dbf29bbde50b5bd8e4dad7a3a725000feb82e8f1,Student,quinn.kumar@university.edu,true
S083,d74ff0ee8da3b9806b18c877dbf29bbde50b5bd8e4dad7a3a725000feb82e8f1,Student,charlie.brown@university.edu,true
S084,d74ff0ee8da3b9806b18c877dbf29bbde50b5bd8e4dad7a3a725000feb82e8f1,Student,julia.davis@university.edu,true
S085,d74ff0ee8da3b9806b18c877dbf29bbde50b5bd8e4dad7a3a725000feb82e8f1,Student,quinn.lee@university.edu,true
S086,d74ff0ee8da3b9806b18c877dbf29bbde50b5bd8e4dad7a3a725000feb82e8f1,Student,laura.taylor@university.edu,true
S087,d74ff0ee8da3b9806b18c877dbf29bbde50b5bd8e4dad7a3a725000feb82e8f1,Student,diana.miller@university.edu,true
S088,d74ff0ee8da3b9806b18c877dbf29bbde50b5bd8e4dad7a3a725000feb82e8f1,Student,quinn.miller@university.edu,true
S089,d74ff0ee8da3b9806b18c877dbf29bbde50b5bd8e4dad7a3a725000feb82e8f1,Student,alice.chen@university.edu,true
S090,d74ff0ee8da3b9806b18c877dbf29bbde50b5bd8e4dad7a3a725000feb82e8f1,Student,quinn.lee@university.edu,true
S091,d74ff0ee8da3b9806b18c877dbf29bbde50b5bd8e4dad7a3a725000feb82e8f1,Student,rachel.miller@university.edu,true
S092,d74ff0ee8da3b9806b18c877dbf29bbde50b5bd8e4dad7a3a725000feb82e8f1,Student,hannah.smith@university.edu,true
S093,d74ff0ee8da3b9806b18c877dbf29bbde50b5bd8e4dad7a3a725000feb82e8f1,Student,kevin.brown@university.edu,true
S094,d74ff0ee8da3b9806b18c877dbf29bbde50b5bd8e4dad7a3a725000feb82e8f1,Student,sam.chen@university.edu,true
S095,d74ff0ee8da3b9806b18c877dbf29bbde50b5bd8e4dad7a3a725000feb82e8f1,Student,tina.smith@university.edu,true
S096,d74ff0ee8da3b9806b18c877dbf29bbde50b5bd8e4dad7a3a725000feb82e8f1,Student,laura.kumar@university.edu,true
S097,d74ff0ee8da3b9806b18c877dbf29bbde50b5bd8e4dad7a3a725000feb82e8f1,Student,charlie.chen@university.edu,true
S098,d74ff0ee8da3b9806b18c877dbf29bbde50b5bd8e4dad7a3a725000feb82e8f1,Student,quinn.johnson@university.edu,true
S099,d74ff0ee8da3b9806b18c877dbf29bbde50b5bd8e4dad7a3a725000feb82e8f1,Student,julia.lee@university.edu,true
S100,d74ff0ee8da3b9806b18c877dbf29bbde50b5bd8e4dad7a3a725000feb82e8f1,Student,hannah.taylor@university.edu,true
AO001,d74ff0ee8da3b9806b18c877dbf29bbde50b5bd8e4dad7a3a725000feb82e8f1,Academic Officer,officer@university.edu,true
CA001,d74ff0ee8da3b9806b18c877dbf29bbde50b5bd8e4dad7a3a725000feb82e8f1,Course Administrator,admin@university.edu,true
U001,5e884898da28047151d0e56f8dc6292773603d0d6aabbdd62a11ef721d1542d8,Pending,janedoe@university.edu,false
